{
  "train_rows": 37808,
  "val_rows": 5401,
  "test_rows": 10803,
  "feature_count": 30,
  "val": {
    "rmse": 0.22605328706870012,
    "mae": 0.06970985872034031
  },
  "test": {
    "rmse": 0.5677887133205519,
    "mae": 0.11006107472396373
  }
}